[{"@type":"mappingTemplate","id":"@1","name":"Mapping_RESTV2","description":"","autoExpireObject":false,"bundleVersion":"0","assetFrsGuid":"3Q9mbyUKeRniyxIVZNtnAG","templateId":"@3","hasParameters":false,"valid":true,"fixedConnection":true,"hasParametersDeployed":false,"fixedConnectionDeployed":false,"isSchemaValidationEnabled":false,"tasks":0,"mappingPreviewFileRecordId":"@2","documentType":"MAPPING","allowMaxFieldLength":false,"references":[{"@type":"reference","refObjectId":"@6bK2ZTqjXi1g0Zt6utPRyu","refType":"connection"},{"@type":"reference","refObjectId":"@3De05B4dZZ5cVO1vadqgEH","refType":"connection"}]}]